Date,State,Tractor_Sales,CPI,Rainfall_mm,Cultivable_Land_000_HA,Diesel_Price_INR,Inventory_Count,GDP_INR_Cr
2015-01-01,Punjab,2154,152.58,14.5,5410.54,76.42,621,202790.41
2015-02-01,Punjab,2144,147.54,14.19,4722.78,73.33,521,175733.94
2015-03-01,Punjab,1904,149.51,17.49,5446.09,70.65,743,194806.17
2015-04-01,Punjab,1837,152.38,8.49,4912.49,73.32,839,208166.93
2015-05-01,Punjab,1922,152.53,31.3,4652.37,74.01,1061,187848.81
2015-06-01,Punjab,2140,156.8,87.78,5264.53,75.86,1315,208083.6
2015-07-01,Punjab,2277,151.13,65.64,5197.76,76.67,1378,196143.61
2015-08-01,Punjab,2293,142.35,63.44,4884.48,76.26,564,200439.63
2015-09-01,Punjab,1855,147.36,4.37,5203.33,78.13,878,198928.34
2015-10-01,Punjab,2516,157.0,4.92,4876.89,74.84,1227,210625.05
2015-11-01,Punjab,2517,143.25,24.58,4975.66,76.4,1142,204863.96
2015-12-01,Punjab,1855,159.66,19.64,5246.57,67.6,1053,187567.83
2016-01-01,Punjab,1995,156.81,19.4,5174.21,80.88,984,196155.84
2016-02-01,Punjab,2154,155.89,12.11,4871.94,74.91,585,204555.59
2016-03-01,Punjab,1940,150.75,13.9,4931.35,71.14,839,202720.78
2016-04-01,Punjab,1808,150.86,12.98,4560.95,74.45,1127,188381.1
2016-05-01,Punjab,1895,146.42,21.27,4954.0,81.5,733,206529.36
2016-06-01,Punjab,2219,142.72,62.15,5421.19,72.88,996,193664.83
2016-07-01,Punjab,2256,158.02,70.87,4974.75,74.42,1235,200326.39
2016-08-01,Punjab,2269,147.32,59.65,5225.58,79.22,622,209653.33
2016-09-01,Punjab,1958,153.22,23.56,4883.16,79.49,643,197565.68
2016-10-01,Punjab,2476,157.87,37.07,4890.34,75.9,646,195422.02
2016-11-01,Punjab,2411,156.75,18.57,5019.69,79.66,1278,194917.47
2016-12-01,Punjab,1891,147.68,28.14,5392.14,76.64,1071,203503.25
2017-01-01,Punjab,2156,154.9,18.53,4680.55,78.89,707,209176.41
2017-02-01,Punjab,2033,158.4,22.26,4634.94,76.57,1321,204631.59
2017-03-01,Punjab,1999,154.21,6.7,4779.64,80.11,694,211470.6
2017-04-01,Punjab,1941,150.73,17.55,4755.26,73.46,537,203260.57
2017-05-01,Punjab,1833,159.03,18.59,4596.94,80.07,1378,189435.95
2017-06-01,Punjab,2321,159.72,50.37,4958.82,76.33,516,203509.17
2017-07-01,Punjab,2172,153.26,66.07,4416.73,78.07,1106,195282.06
2017-08-01,Punjab,2306,159.45,55.53,4626.28,76.93,1234,192397.8
2017-09-01,Punjab,1955,150.2,11.45,4865.21,78.98,892,194409.92
2017-10-01,Punjab,2477,152.48,29.05,5077.16,77.29,1024,192292.34
2017-11-01,Punjab,2428,152.23,18.35,4877.18,76.62,1299,199396.36
2017-12-01,Punjab,1795,146.5,43.15,4516.19,78.52,841,207919.2
2018-01-01,Punjab,2113,153.45,29.66,4954.63,80.13,1491,228390.36
2018-02-01,Punjab,2028,160.31,33.63,5132.62,76.59,1169,203553.06
2018-03-01,Punjab,1886,154.16,35.93,4826.52,74.39,1329,209799.87
2018-04-01,Punjab,1890,154.83,8.0,4804.0,75.2,1137,206713.56
2018-05-01,Punjab,1766,157.8,41.35,4861.12,81.63,1462,197692.59
2018-06-01,Punjab,2151,166.19,57.63,4720.22,76.65,1050,200312.52
2018-07-01,Punjab,2356,157.7,55.8,5226.78,76.76,824,214976.33
2018-08-01,Punjab,2349,161.8,63.44,5309.75,78.62,1174,199223.66
2018-09-01,Punjab,1799,157.69,26.87,4967.45,78.15,1341,198810.25
2018-10-01,Punjab,2406,151.16,14.55,4870.99,77.21,1226,203543.78
2018-11-01,Punjab,2449,161.91,14.11,4792.13,77.99,992,210236.49
2018-12-01,Punjab,1850,164.78,-2.17,5506.41,82.57,598,187998.28
2019-01-01,Punjab,2029,163.81,13.31,4868.14,81.66,716,199731.42
2019-02-01,Punjab,2109,174.44,16.74,4747.18,72.41,518,209366.66
2019-03-01,Punjab,2018,161.31,20.97,5627.72,74.63,598,217485.42
2019-04-01,Punjab,1905,159.75,16.57,5502.59,78.1,1342,212513.41
2019-05-01,Punjab,1876,159.69,15.67,5261.76,78.84,1016,190683.46
2019-06-01,Punjab,2270,160.02,70.61,5137.53,76.26,826,199440.56
2019-07-01,Punjab,2289,166.38,63.11,4952.02,79.82,538,190885.36
2019-08-01,Punjab,2262,149.59,74.44,5230.5,79.85,1394,219586.38
2019-09-01,Punjab,1899,159.78,24.93,4746.76,73.0,1323,181356.58
2019-10-01,Punjab,2462,162.5,1.03,5085.55,76.87,1158,207370.1
2019-11-01,Punjab,2380,164.46,34.51,4769.8,83.88,1385,221617.55
2019-12-01,Punjab,1845,156.83,18.57,4778.77,76.53,621,205797.76
2020-01-01,Punjab,2081,150.95,30.33,5108.74,71.76,1223,192354.25
2020-02-01,Punjab,2095,163.41,18.77,5045.32,79.88,509,219419.4
2020-03-01,Punjab,1888,167.1,2.87,5371.34,77.24,598,209936.83
2020-04-01,Punjab,1789,161.63,36.39,5242.27,78.12,1064,204744.76
2020-05-01,Punjab,1873,163.34,6.31,5462.41,80.85,847,173218.31
2020-06-01,Punjab,2283,165.3,54.82,5761.78,76.02,1418,214578.76
2020-07-01,Punjab,2234,164.43,50.35,4472.38,80.93,1297,199564.18
2020-08-01,Punjab,2276,169.76,63.6,4968.93,80.39,1041,218190.47
2020-09-01,Punjab,1928,165.32,19.85,4500.59,76.99,1045,193268.39
2020-10-01,Punjab,2386,154.64,23.76,4381.24,79.33,1162,212290.98
2020-11-01,Punjab,2510,156.37,14.86,5286.54,77.73,592,209510.48
2020-12-01,Punjab,1860,159.19,26.16,4609.52,74.12,1033,194534.11
2021-01-01,Punjab,2085,150.59,20.57,5012.64,77.69,748,228642.53
2021-02-01,Punjab,1973,162.37,7.74,5010.69,78.58,802,206374.48
2021-03-01,Punjab,1896,169.17,4.85,4925.29,83.02,1025,217918.49
2021-04-01,Punjab,1861,167.01,16.42,4931.98,75.51,1130,207505.95
2021-05-01,Punjab,1805,159.39,9.39,4894.76,75.85,644,206002.16
2021-06-01,Punjab,2293,156.3,73.43,4812.79,85.93,969,224856.24
2021-07-01,Punjab,2311,162.05,49.63,4585.16,75.62,781,195597.97
2021-08-01,Punjab,2226,163.06,39.21,4622.35,76.44,1123,206055.9
2021-09-01,Punjab,1877,160.61,11.71,5205.39,70.83,1047,217974.84
2021-10-01,Punjab,2459,163.13,37.95,5249.55,80.07,1214,193430.95
2021-11-01,Punjab,2562,166.52,13.37,4458.54,76.13,724,212408.61
2021-12-01,Punjab,1793,167.65,29.87,4737.29,78.5,1010,238212.77
2022-01-01,Punjab,2026,161.96,18.51,5228.08,76.69,1112,234398.78
2022-02-01,Punjab,1993,164.96,17.87,5193.14,79.9,1445,214336.46
2022-03-01,Punjab,1877,163.55,20.87,5076.33,82.09,1339,216069.17
2022-04-01,Punjab,1935,166.88,25.16,4795.78,76.9,577,188793.93
2022-05-01,Punjab,1911,169.4,17.3,5390.32,77.92,1025,213501.9
2022-06-01,Punjab,2262,172.39,36.74,5299.08,73.13,1002,203653.92
2022-07-01,Punjab,2274,157.35,62.42,4770.56,73.15,678,202501.93
2022-08-01,Punjab,2308,171.4,65.09,5024.62,81.69,919,221075.78
2022-09-01,Punjab,1812,163.21,16.48,5552.28,78.68,1341,221875.4
2022-10-01,Punjab,2475,160.61,17.3,5113.19,77.54,546,225767.51
2022-11-01,Punjab,2449,164.99,20.27,5155.1,84.04,782,201166.15
2022-12-01,Punjab,1901,170.01,21.71,4302.58,76.29,801,219494.19
2023-01-01,Punjab,2121,161.32,28.68,5061.38,76.37,823,224049.71
2023-02-01,Punjab,2110,165.25,13.7,4858.92,78.05,845,237511.91
2023-03-01,Punjab,1926,165.67,14.12,4825.16,82.3,616,203097.59
2023-04-01,Punjab,1961,165.26,30.52,5242.23,78.93,974,209017.15
2023-05-01,Punjab,1794,159.15,17.4,4918.18,78.43,1466,222888.26
2023-06-01,Punjab,2216,163.23,50.93,4554.59,79.44,1348,204633.89
2023-07-01,Punjab,2276,167.79,60.01,5044.79,77.22,714,226247.05
2023-08-01,Punjab,2301,156.55,55.52,5439.62,74.99,643,205746.54
2023-09-01,Punjab,1911,174.85,17.45,5327.45,71.38,613,228917.17
2023-10-01,Punjab,2360,163.92,17.01,4944.82,79.7,1277,221457.24
2023-11-01,Punjab,2359,167.32,16.38,4768.2,80.87,848,225472.03
2023-12-01,Punjab,1875,164.71,12.29,5044.7,87.17,1260,208129.8
2024-01-01,Punjab,2131,171.56,7.78,4887.55,78.78,577,225998.05
2024-02-01,Punjab,2174,162.88,17.24,4922.86,77.73,829,196927.21
2024-03-01,Punjab,1932,164.25,7.58,4474.07,83.53,895,208994.69
2024-04-01,Punjab,1895,174.76,13.73,5141.72,78.52,1005,208425.81
2024-05-01,Punjab,1715,174.18,19.62,5045.09,80.01,1220,236784.79
2024-06-01,Punjab,2290,174.12,68.7,4859.17,75.63,777,201240.53
2024-07-01,Punjab,2289,171.76,43.7,5215.28,85.77,877,208636.33
2024-08-01,Punjab,2301,165.94,55.76,4725.04,82.53,1109,231029.74
2024-09-01,Punjab,1854,162.94,1.59,5007.83,77.96,1321,211019.87
2024-10-01,Punjab,2472,172.41,5.66,4760.47,75.3,1011,216929.87
2024-11-01,Punjab,2499,170.33,25.41,4964.5,81.48,905,206166.42
2024-12-01,Punjab,1993,170.44,14.24,4971.18,87.64,981,210073.77
2015-01-01,Uttar Pradesh,952,148.33,21.8,4985.82,80.93,541,192030.49
2015-02-01,Uttar Pradesh,841,146.87,16.92,5303.04,77.03,996,201902.01
2015-03-01,Uttar Pradesh,833,153.39,23.8,5324.23,76.76,873,200647.42
2015-04-01,Uttar Pradesh,826,154.17,22.67,5036.62,74.28,1037,208559.85
2015-05-01,Uttar Pradesh,644,149.6,24.47,4975.88,78.55,1434,214066.33
2015-06-01,Uttar Pradesh,939,157.32,73.48,4396.42,77.92,1312,202846.34
2015-07-01,Uttar Pradesh,1023,146.53,72.56,4868.08,74.69,996,221173.96
2015-08-01,Uttar Pradesh,1006,159.73,61.45,4941.12,78.32,949,208009.0
2015-09-01,Uttar Pradesh,825,147.92,32.23,4254.62,73.8,1196,184945.91
2015-10-01,Uttar Pradesh,1056,150.5,11.94,4374.43,76.24,1076,196923.13
2015-11-01,Uttar Pradesh,1053,147.07,6.56,4769.66,72.4,1164,205850.75
2015-12-01,Uttar Pradesh,754,150.46,10.47,4540.24,77.15,1306,224472.23
2016-01-01,Uttar Pradesh,933,160.11,31.67,5022.19,70.79,725,197341.33
2016-02-01,Uttar Pradesh,925,158.14,25.15,4550.05,75.83,519,215830.04
2016-03-01,Uttar Pradesh,815,154.69,11.68,5189.88,73.93,619,179293.33
2016-04-01,Uttar Pradesh,824,143.69,18.19,4943.73,75.42,1036,193369.44
2016-05-01,Uttar Pradesh,811,146.38,2.51,4714.79,78.32,1101,207510.68
2016-06-01,Uttar Pradesh,1135,157.99,60.43,5258.84,76.16,539,208943.91
2016-07-01,Uttar Pradesh,998,151.2,65.84,5332.61,77.52,852,199587.62
2016-08-01,Uttar Pradesh,992,149.45,48.31,5178.31,73.01,632,198671.77
2016-09-01,Uttar Pradesh,742,155.81,13.1,5120.12,77.09,1488,194679.04
2016-10-01,Uttar Pradesh,1156,150.53,17.52,5046.32,72.9,1365,209079.84
2016-11-01,Uttar Pradesh,1163,154.76,16.92,5473.24,76.66,723,199238.59
2016-12-01,Uttar Pradesh,803,150.31,25.57,5147.54,74.29,983,201011.28
2017-01-01,Uttar Pradesh,873,154.87,16.37,5289.5,70.57,973,223204.02
2017-02-01,Uttar Pradesh,1006,161.08,2.95,4862.91,79.45,958,197573.0
2017-03-01,Uttar Pradesh,830,143.34,5.52,4849.38,77.4,656,211590.86
2017-04-01,Uttar Pradesh,868,158.16,12.77,5072.99,77.42,1368,191102.4
2017-05-01,Uttar Pradesh,823,153.63,28.98,4799.26,74.03,1331,207527.68
2017-06-01,Uttar Pradesh,973,167.65,48.37,5046.27,72.56,1484,207052.25
2017-07-01,Uttar Pradesh,937,157.24,65.7,5398.75,78.18,1459,208888.35
2017-08-01,Uttar Pradesh,950,162.67,76.38,4526.08,77.39,1443,196466.68
2017-09-01,Uttar Pradesh,739,158.16,4.09,5298.73,74.43,1216,202810.02
2017-10-01,Uttar Pradesh,1145,163.59,10.63,5222.63,80.02,601,206704.97
2017-11-01,Uttar Pradesh,1084,157.85,13.79,4726.46,76.9,962,228270.26
2017-12-01,Uttar Pradesh,720,164.74,25.25,5011.3,73.83,1472,190521.28
2018-01-01,Uttar Pradesh,919,158.76,29.19,4917.79,76.81,1371,218493.55
2018-02-01,Uttar Pradesh,918,152.93,20.6,5118.05,78.64,1189,217276.97
2018-03-01,Uttar Pradesh,894,168.4,16.65,5592.96,78.54,889,202770.47
2018-04-01,Uttar Pradesh,847,167.41,24.01,5061.36,75.52,511,198360.82
2018-05-01,Uttar Pradesh,702,158.79,16.8,4827.89,78.24,1194,210059.91
2018-06-01,Uttar Pradesh,947,156.77,51.57,4857.75,72.6,1449,216035.46
2018-07-01,Uttar Pradesh,1090,161.37,69.33,4729.52,71.16,863,205535.97
2018-08-01,Uttar Pradesh,961,171.9,69.52,5022.98,75.56,1365,216161.81
2018-09-01,Uttar Pradesh,766,161.75,18.27,4527.08,78.79,745,192727.8
2018-10-01,Uttar Pradesh,1109,156.87,32.46,4784.81,79.12,599,208863.0
2018-11-01,Uttar Pradesh,1124,157.41,3.5,5318.72,76.45,1003,223866.92
2018-12-01,Uttar Pradesh,910,154.27,22.68,4512.13,74.34,662,192928.19
2019-01-01,Uttar Pradesh,969,159.73,15.32,5143.11,76.86,894,204495.8
2019-02-01,Uttar Pradesh,876,148.41,14.09,5127.24,74.38,632,212614.24
2019-03-01,Uttar Pradesh,901,160.94,11.62,5366.75,79.62,664,213322.12
2019-04-01,Uttar Pradesh,773,157.69,30.95,5692.34,81.88,1415,205658.99
2019-05-01,Uttar Pradesh,745,158.93,27.28,4975.79,79.36,1336,208409.38
2019-06-01,Uttar Pradesh,1058,166.91,51.19,4936.06,83.12,625,208018.43
2019-07-01,Uttar Pradesh,1002,164.43,58.66,5881.33,70.95,927,196094.36
2019-08-01,Uttar Pradesh,941,159.77,60.64,4871.81,76.11,1275,202290.63
2019-09-01,Uttar Pradesh,844,159.2,18.97,4844.93,79.34,802,202510.79
2019-10-01,Uttar Pradesh,1085,161.75,21.98,5200.52,74.15,1475,212184.4
2019-11-01,Uttar Pradesh,1089,164.38,1.49,4666.51,78.44,1074,206608.62
2019-12-01,Uttar Pradesh,874,161.94,23.21,5136.06,82.3,823,219606.9
2020-01-01,Uttar Pradesh,843,163.84,18.88,4882.57,79.87,1140,208705.0
2020-02-01,Uttar Pradesh,1020,151.95,7.22,5465.77,74.89,972,218260.66
2020-03-01,Uttar Pradesh,887,160.16,16.97,5093.62,74.02,1473,200868.5
2020-04-01,Uttar Pradesh,745,158.88,29.82,5687.28,70.13,1128,208771.08
2020-05-01,Uttar Pradesh,805,152.5,18.5,4344.29,80.73,1313,205473.14
2020-06-01,Uttar Pradesh,954,163.6,58.11,4714.9,77.61,872,198239.09
2020-07-01,Uttar Pradesh,976,167.96,61.8,4528.85,80.5,1157,211412.0
2020-08-01,Uttar Pradesh,905,167.74,60.91,5154.06,76.17,1458,209979.76
2020-09-01,Uttar Pradesh,950,160.96,33.97,5019.11,76.1,861,210974.98
2020-10-01,Uttar Pradesh,1036,163.61,33.25,5143.27,74.7,1132,196186.37
2020-11-01,Uttar Pradesh,1144,166.14,12.82,5374.32,77.03,701,214616.78
2020-12-01,Uttar Pradesh,883,156.2,17.55,4824.18,76.62,607,205333.92
2021-01-01,Uttar Pradesh,909,170.12,32.25,5080.33,73.39,1089,203529.05
2021-02-01,Uttar Pradesh,874,158.71,15.65,5276.88,83.06,1053,225902.01
2021-03-01,Uttar Pradesh,884,170.48,25.69,4938.93,76.95,1243,220557.03
2021-04-01,Uttar Pradesh,791,156.23,3.13,4534.54,81.61,1280,201784.6
2021-05-01,Uttar Pradesh,853,166.17,13.78,5032.56,81.26,1061,198547.17
2021-06-01,Uttar Pradesh,1007,161.89,46.43,4841.4,77.78,1113,226350.72
2021-07-01,Uttar Pradesh,999,162.72,52.95,5022.8,79.92,1344,222862.1
2021-08-01,Uttar Pradesh,986,157.22,56.73,4909.97,82.04,511,223015.09
2021-09-01,Uttar Pradesh,821,156.3,14.66,5234.02,78.55,1132,203513.37
2021-10-01,Uttar Pradesh,1134,160.07,28.13,5300.58,79.27,959,217206.09
2021-11-01,Uttar Pradesh,1110,157.01,12.14,5152.4,72.91,679,212183.31
2021-12-01,Uttar Pradesh,927,170.84,23.65,5365.5,72.48,511,205989.13
2022-01-01,Uttar Pradesh,925,167.0,25.68,4929.09,76.98,904,217622.71
2022-02-01,Uttar Pradesh,900,177.31,12.78,4520.69,81.28,1332,224527.08
2022-03-01,Uttar Pradesh,808,157.77,20.1,4908.43,75.39,616,210144.79
2022-04-01,Uttar Pradesh,830,164.68,4.19,4709.14,79.35,1042,181992.29
2022-05-01,Uttar Pradesh,785,160.7,22.83,4615.25,80.29,559,197877.21
2022-06-01,Uttar Pradesh,958,166.22,46.69,4555.91,78.47,1189,212611.67
2022-07-01,Uttar Pradesh,1054,163.49,53.87,5051.12,77.59,759,198506.31
2022-08-01,Uttar Pradesh,993,161.66,52.67,4691.63,80.26,921,200935.27
2022-09-01,Uttar Pradesh,856,170.28,18.71,4648.69,77.31,591,198330.44
2022-10-01,Uttar Pradesh,1113,164.99,24.18,4883.17,77.17,904,206162.56
2022-11-01,Uttar Pradesh,967,166.58,5.21,5173.79,78.87,1494,219911.17
2022-12-01,Uttar Pradesh,789,165.81,2.57,5166.15,77.79,1093,188848.03
2023-01-01,Uttar Pradesh,912,154.62,11.25,5062.13,79.85,604,214914.5
2023-02-01,Uttar Pradesh,906,164.27,18.02,5045.82,78.78,731,233698.08
2023-03-01,Uttar Pradesh,767,167.83,27.42,5468.45,82.99,1455,222358.62
2023-04-01,Uttar Pradesh,888,166.12,13.96,5172.61,82.4,982,204350.07
2023-05-01,Uttar Pradesh,726,160.03,10.19,5347.34,81.21,1039,201733.39
2023-06-01,Uttar Pradesh,948,167.78,72.55,4784.75,78.83,1122,222585.48
2023-07-01,Uttar Pradesh,1004,174.51,45.78,4924.75,78.28,881,210636.64
2023-08-01,Uttar Pradesh,1070,170.04,59.73,5206.08,78.37,1175,227431.19
2023-09-01,Uttar Pradesh,749,170.3,27.46,5107.76,76.77,1282,215299.54
2023-10-01,Uttar Pradesh,1055,163.6,17.61,5292.28,72.88,1125,210912.46
2023-11-01,Uttar Pradesh,1097,171.75,23.07,4825.08,82.0,1130,209750.22
2023-12-01,Uttar Pradesh,828,171.28,41.29,5479.74,80.58,1162,202986.98
2024-01-01,Uttar Pradesh,912,168.15,23.26,4974.23,79.22,962,201539.03
2024-02-01,Uttar Pradesh,818,159.3,10.26,5255.65,81.95,1014,219280.1
2024-03-01,Uttar Pradesh,800,170.24,27.53,5201.95,83.45,610,215812.48
2024-04-01,Uttar Pradesh,802,172.35,25.97,5183.07,78.56,982,226754.82
2024-05-01,Uttar Pradesh,851,161.66,22.61,5433.95,81.83,1422,204129.18
2024-06-01,Uttar Pradesh,1081,181.96,76.39,5070.93,80.4,511,206276.02
2024-07-01,Uttar Pradesh,936,171.1,58.79,4868.76,77.09,569,206078.15
2024-08-01,Uttar Pradesh,939,170.86,65.89,5437.16,74.7,968,210213.06
2024-09-01,Uttar Pradesh,900,168.05,29.8,5024.33,85.21,1240,229921.1
2024-10-01,Uttar Pradesh,1137,175.54,40.62,5177.76,82.95,658,204701.57
2024-11-01,Uttar Pradesh,1018,173.91,30.68,5391.97,80.16,1184,210432.04
2024-12-01,Uttar Pradesh,836,169.16,11.57,4590.36,81.4,1262,222606.0
2015-01-01,Maharashtra,2079,159.27,9.76,5174.63,78.66,1486,208500.94
2015-02-01,Maharashtra,2086,150.41,23.56,4743.4,76.58,1361,194847.23
2015-03-01,Maharashtra,1765,151.18,1.04,4941.52,78.18,848,186247.95
2015-04-01,Maharashtra,1963,149.99,26.94,5428.41,77.85,1137,200099.85
2015-05-01,Maharashtra,1809,148.38,36.61,5140.63,73.36,1327,197757.72
2015-06-01,Maharashtra,2256,154.9,59.46,4713.92,72.35,769,192222.19
2015-07-01,Maharashtra,2374,158.84,56.96,4995.79,73.67,1095,211280.57
2015-08-01,Maharashtra,2317,145.69,46.86,5033.29,74.79,898,201544.91
2015-09-01,Maharashtra,1811,148.69,4.37,4623.71,77.72,1229,195427.19
2015-10-01,Maharashtra,2597,150.84,23.07,4950.75,72.91,1097,211300.01
2015-11-01,Maharashtra,2400,152.43,17.04,5543.45,76.56,1465,206763.2
2015-12-01,Maharashtra,1805,150.74,9.05,5195.06,72.09,1341,177745.68
2016-01-01,Maharashtra,2038,162.29,26.19,4781.6,75.56,1455,202223.78
2016-02-01,Maharashtra,2081,159.45,19.86,4891.19,78.07,653,213244.34
2016-03-01,Maharashtra,1868,152.81,5.54,5153.42,74.5,1179,210581.1
2016-04-01,Maharashtra,1869,168.47,18.2,4774.46,76.52,1100,193741.45
2016-05-01,Maharashtra,1918,151.35,6.43,4787.81,79.48,984,213881.46
2016-06-01,Maharashtra,2296,151.87,67.65,5035.32,72.05,967,189837.0
2016-07-01,Maharashtra,2317,159.49,44.34,5054.84,83.38,1019,205229.82
2016-08-01,Maharashtra,2250,147.35,58.0,5061.1,73.58,1043,205776.18
2016-09-01,Maharashtra,1895,153.13,9.42,5352.12,73.07,1423,200628.56
2016-10-01,Maharashtra,2482,166.45,31.87,5097.74,77.61,881,205558.94
2016-11-01,Maharashtra,2364,148.62,7.41,5219.64,76.75,956,201838.31
2016-12-01,Maharashtra,1840,158.8,15.02,4748.04,77.6,1259,205311.33
2017-01-01,Maharashtra,2203,153.16,28.57,5182.59,73.65,574,215171.59
2017-02-01,Maharashtra,2010,152.01,29.98,4992.74,77.25,1430,199949.27
2017-03-01,Maharashtra,1903,149.3,24.7,4821.75,75.41,941,183888.85
2017-04-01,Maharashtra,1893,147.92,30.29,5200.24,78.3,1344,206197.08
2017-05-01,Maharashtra,1932,148.97,16.21,4826.22,72.23,1000,181773.3
2017-06-01,Maharashtra,2224,154.38,54.65,5057.15,77.2,1226,207507.43
2017-07-01,Maharashtra,2299,157.48,68.43,5046.29,76.37,572,212636.63
2017-08-01,Maharashtra,2237,153.23,66.59,4806.27,77.31,1328,202676.27
2017-09-01,Maharashtra,1805,152.43,20.86,4834.15,78.82,1320,193463.18
2017-10-01,Maharashtra,2352,164.05,29.5,4949.35,76.06,1380,198543.91
2017-11-01,Maharashtra,2550,152.24,28.52,5257.79,82.0,803,207725.3
2017-12-01,Maharashtra,1885,159.04,22.65,5806.26,78.42,930,193170.77
2018-01-01,Maharashtra,2037,153.66,10.13,4918.54,80.8,678,205254.34
2018-02-01,Maharashtra,2029,151.95,17.54,4947.23,83.05,693,202548.69
2018-03-01,Maharashtra,1792,155.26,29.07,5061.81,79.0,966,202548.05
2018-04-01,Maharashtra,1881,150.3,24.52,4799.18,73.94,1152,216465.15
2018-05-01,Maharashtra,1873,160.54,15.15,4567.66,69.51,1203,186248.28
2018-06-01,Maharashtra,2249,160.19,58.4,4774.41,77.35,1355,215507.4
2018-07-01,Maharashtra,2208,157.35,55.64,5033.94,75.87,1406,201258.88
2018-08-01,Maharashtra,2365,147.88,46.22,4945.56,79.29,608,189563.09
2018-09-01,Maharashtra,1873,158.07,15.17,5269.05,81.67,1461,216263.72
2018-10-01,Maharashtra,2498,158.84,13.3,5659.73,80.27,612,210744.24
2018-11-01,Maharashtra,2493,163.45,32.26,4479.8,80.45,765,194342.21
2018-12-01,Maharashtra,1904,152.46,24.52,5505.99,77.59,886,194437.74
2019-01-01,Maharashtra,2039,156.96,19.67,4435.45,76.61,1312,213982.54
2019-02-01,Maharashtra,2148,161.26,14.3,4957.75,81.05,793,210834.79
2019-03-01,Maharashtra,1899,154.61,38.4,4671.62,74.25,1133,192153.06
2019-04-01,Maharashtra,1850,147.72,10.71,5137.17,81.61,522,214309.89
2019-05-01,Maharashtra,1874,150.35,33.04,5338.01,80.26,1178,193831.06
2019-06-01,Maharashtra,2295,159.48,55.96,4365.22,77.89,1413,192498.32
2019-07-01,Maharashtra,2302,155.43,58.49,4644.98,80.58,824,218971.23
2019-08-01,Maharashtra,2271,169.35,75.15,5125.46,77.38,1056,202511.14
2019-09-01,Maharashtra,1880,157.48,19.12,5479.59,76.56,1041,207461.14
2019-10-01,Maharashtra,2367,152.23,5.96,4633.8,69.5,1285,191728.33
2019-11-01,Maharashtra,2420,149.47,25.29,4645.91,77.97,1173,202087.58
2019-12-01,Maharashtra,1839,164.93,15.67,5254.63,79.09,1261,205693.56
2020-01-01,Maharashtra,2068,163.74,0.21,5071.77,74.28,982,210744.0
2020-02-01,Maharashtra,2168,156.9,26.31,5318.19,74.84,713,227231.91
2020-03-01,Maharashtra,2002,153.95,15.52,4829.69,77.49,663,224394.4
2020-04-01,Maharashtra,1905,150.01,14.05,5022.7,75.59,683,214090.72
2020-05-01,Maharashtra,1830,160.52,23.77,4984.58,81.04,1194,193519.44
2020-06-01,Maharashtra,2208,157.21,66.4,4274.08,78.43,1260,221751.74
2020-07-01,Maharashtra,2258,165.78,58.93,4649.44,84.08,1250,213806.04
2020-08-01,Maharashtra,2201,160.41,58.03,5340.13,77.21,1380,198142.72
2020-09-01,Maharashtra,1915,157.08,8.98,4741.29,80.0,613,228070.64
2020-10-01,Maharashtra,2476,167.01,29.52,4775.88,76.65,1475,203342.21
2020-11-01,Maharashtra,2490,170.3,22.12,4893.06,77.55,1048,202335.18
2020-12-01,Maharashtra,1888,165.6,28.0,5212.49,81.53,1175,202682.64
2021-01-01,Maharashtra,2007,158.52,35.4,4661.77,80.89,1490,207089.52
2021-02-01,Maharashtra,2098,161.49,21.07,5182.58,78.13,1027,201965.83
2021-03-01,Maharashtra,1856,165.47,15.27,4978.57,74.59,973,193174.4
2021-04-01,Maharashtra,1882,157.8,12.31,4941.85,80.61,1232,220877.96
2021-05-01,Maharashtra,1987,163.96,5.23,4856.43,82.61,530,209579.64
2021-06-01,Maharashtra,2407,156.38,81.87,5056.73,76.26,659,184390.13
2021-07-01,Maharashtra,2275,157.83,52.33,4478.55,79.82,759,213674.16
2021-08-01,Maharashtra,2342,154.32,59.74,4877.22,76.21,853,200232.05
2021-09-01,Maharashtra,1810,162.26,11.3,4815.31,80.01,1285,219550.96
2021-10-01,Maharashtra,2465,169.13,11.42,4766.74,77.56,1158,220821.08
2021-11-01,Maharashtra,2498,164.42,28.59,5192.38,78.08,697,214154.65
2021-12-01,Maharashtra,1888,160.92,22.65,4959.72,71.14,1486,214990.12
2022-01-01,Maharashtra,2135,160.96,15.86,5059.85,77.99,1035,199946.13
2022-02-01,Maharashtra,2124,162.74,22.03,5041.93,77.23,600,186372.86
2022-03-01,Maharashtra,1909,169.89,19.27,4749.85,79.45,726,205668.6
2022-04-01,Maharashtra,1872,171.76,15.47,5090.14,79.61,1027,220212.84
2022-05-01,Maharashtra,1844,171.2,28.38,5226.76,80.61,1248,203579.94
2022-06-01,Maharashtra,2412,168.88,72.75,4589.39,81.93,648,207690.89
2022-07-01,Maharashtra,2276,165.77,51.92,4906.77,79.09,548,211659.19
2022-08-01,Maharashtra,2297,162.6,67.41,4701.7,78.11,1420,202784.12
2022-09-01,Maharashtra,1914,167.55,17.45,5110.22,80.68,877,231679.08
2022-10-01,Maharashtra,2505,161.88,30.54,5464.27,79.24,1197,213941.48
2022-11-01,Maharashtra,2561,162.21,18.08,4859.55,75.54,890,212768.56
2022-12-01,Maharashtra,1976,158.5,7.61,5015.27,79.45,1122,217073.65
2023-01-01,Maharashtra,2119,171.77,23.71,4800.13,76.2,558,208041.71
2023-02-01,Maharashtra,2177,162.18,12.57,4967.73,84.06,970,220615.85
2023-03-01,Maharashtra,1878,168.5,41.26,5594.47,81.6,777,199648.35
2023-04-01,Maharashtra,1913,164.91,16.25,5167.31,82.97,800,221409.49
2023-05-01,Maharashtra,1914,161.51,24.38,4730.36,82.9,1068,215800.65
2023-06-01,Maharashtra,2321,166.05,49.11,5175.37,79.32,514,217181.19
2023-07-01,Maharashtra,2296,169.06,61.08,5057.5,75.33,722,198510.43
2023-08-01,Maharashtra,2336,170.11,55.71,5138.65,74.5,1100,204650.68
2023-09-01,Maharashtra,1934,175.25,11.63,4904.67,82.48,977,203385.12
2023-10-01,Maharashtra,2489,173.38,33.92,4639.06,80.07,1353,216185.14
2023-11-01,Maharashtra,2523,170.4,24.63,4365.0,82.1,754,200745.92
2023-12-01,Maharashtra,1808,165.57,28.82,5079.76,78.05,1112,207802.2
2024-01-01,Maharashtra,2104,160.68,54.96,4907.77,86.27,903,215975.12
2024-02-01,Maharashtra,2027,171.11,21.01,4822.32,83.12,615,226071.88
2024-03-01,Maharashtra,1885,166.96,31.26,5197.26,81.04,1400,209679.64
2024-04-01,Maharashtra,1904,171.42,21.06,4530.73,85.55,598,223137.44
2024-05-01,Maharashtra,1688,163.11,17.82,4839.59,83.93,1290,210391.09
2024-06-01,Maharashtra,2252,162.21,64.09,4692.13,78.06,1114,215046.8
2024-07-01,Maharashtra,2312,164.34,45.94,5310.19,79.42,866,218617.39
2024-08-01,Maharashtra,2308,163.81,72.36,5357.75,81.83,1334,185125.75
2024-09-01,Maharashtra,1756,172.66,18.33,5730.32,84.84,1008,221402.37
2024-10-01,Maharashtra,2407,164.38,12.68,4775.29,76.79,1190,225694.9
2024-11-01,Maharashtra,2416,178.73,9.16,5419.05,81.69,1041,226691.09
2024-12-01,Maharashtra,1829,172.14,15.36,4924.54,82.31,1385,201107.7
2015-01-01,Tamil Nadu,1863,141.4,34.6,5068.57,73.2,1298,201332.57
2015-02-01,Tamil Nadu,1924,143.19,27.75,4911.86,68.32,1059,210644.48
2015-03-01,Tamil Nadu,1779,151.58,16.16,5932.98,81.07,1303,199763.93
2015-04-01,Tamil Nadu,1828,148.61,16.45,5282.67,73.87,917,195015.41
2015-05-01,Tamil Nadu,1718,144.56,7.01,5281.27,78.34,674,216841.35
2015-06-01,Tamil Nadu,2168,141.01,58.17,5043.23,67.9,951,197685.33
2015-07-01,Tamil Nadu,2222,149.21,44.82,5172.56,77.92,1388,223648.06
2015-08-01,Tamil Nadu,2261,147.89,42.22,4985.54,72.18,739,203311.37
2015-09-01,Tamil Nadu,1873,149.93,10.04,4696.37,71.98,875,201064.79
2015-10-01,Tamil Nadu,2356,149.15,17.95,5030.56,75.46,999,197432.23
2015-11-01,Tamil Nadu,2390,153.71,2.24,4594.2,72.33,900,200127.53
2015-12-01,Tamil Nadu,1804,156.57,22.65,4616.58,73.27,549,219508.44
2016-01-01,Tamil Nadu,2058,151.18,15.68,4953.95,77.12,640,208509.26
2016-02-01,Tamil Nadu,1938,150.36,22.64,5400.7,76.96,903,191987.41
2016-03-01,Tamil Nadu,1795,152.09,23.44,4772.45,75.68,516,202880.96
2016-04-01,Tamil Nadu,1665,154.39,20.44,4613.74,76.65,1444,190792.43
2016-05-01,Tamil Nadu,1806,149.35,11.71,4961.59,70.42,1135,220717.48
2016-06-01,Tamil Nadu,2267,147.5,62.86,4783.07,75.36,647,218859.52
2016-07-01,Tamil Nadu,2253,157.15,47.0,4655.52,78.18,980,210814.51
2016-08-01,Tamil Nadu,2145,154.01,43.52,4697.91,75.39,1320,200225.9
2016-09-01,Tamil Nadu,1746,156.96,36.64,5508.62,73.24,1380,208712.19
2016-10-01,Tamil Nadu,2342,153.83,27.01,4731.64,78.04,545,208271.06
2016-11-01,Tamil Nadu,2401,152.79,19.76,4889.14,76.59,626,206253.42
2016-12-01,Tamil Nadu,1789,160.57,20.54,4542.68,76.75,540,210950.31
2017-01-01,Tamil Nadu,1969,156.84,23.59,4738.84,73.9,1443,200536.9
2017-02-01,Tamil Nadu,1988,152.31,5.93,5490.26,80.83,1105,208121.85
2017-03-01,Tamil Nadu,1721,158.05,20.76,4628.7,77.53,1332,213025.68
2017-04-01,Tamil Nadu,1733,152.8,6.24,5322.28,74.34,1455,211478.45
2017-05-01,Tamil Nadu,1830,157.87,31.07,4774.82,82.59,862,214046.67
2017-06-01,Tamil Nadu,2207,154.57,92.6,4856.17,77.36,1029,198129.43
2017-07-01,Tamil Nadu,2152,154.77,56.13,4424.1,76.33,1072,199018.3
2017-08-01,Tamil Nadu,2130,150.66,53.19,4952.41,78.5,840,209302.04
2017-09-01,Tamil Nadu,1739,156.16,21.36,5098.99,74.25,568,222696.15
2017-10-01,Tamil Nadu,2358,151.17,28.57,5170.82,74.9,1066,202870.46
2017-11-01,Tamil Nadu,2387,144.57,20.86,4744.58,75.73,608,190243.26
2017-12-01,Tamil Nadu,1748,160.07,24.18,5049.4,76.98,1462,202246.92
2018-01-01,Tamil Nadu,1976,146.82,16.33,4808.34,81.28,871,200326.33
2018-02-01,Tamil Nadu,1913,160.76,29.76,5016.48,72.8,788,194742.31
2018-03-01,Tamil Nadu,1756,158.08,25.73,4735.57,77.52,614,205807.49
2018-04-01,Tamil Nadu,1789,159.5,5.82,4822.12,76.19,646,216863.35
2018-05-01,Tamil Nadu,1816,156.86,22.59,4849.05,81.16,980,223709.65
2018-06-01,Tamil Nadu,2144,159.51,51.32,5001.01,68.8,1257,201536.54
2018-07-01,Tamil Nadu,2147,158.51,61.33,4997.75,79.02,794,209584.9
2018-08-01,Tamil Nadu,2151,150.74,55.27,5053.03,76.4,1316,215651.95
2018-09-01,Tamil Nadu,1853,165.88,10.93,5109.22,76.05,1293,208306.36
2018-10-01,Tamil Nadu,2211,159.45,23.72,5367.07,76.72,1446,208287.84
2018-11-01,Tamil Nadu,2344,157.89,33.32,4241.09,75.67,638,203904.15
2018-12-01,Tamil Nadu,1774,162.54,17.24,5013.28,78.45,1231,209481.79
2019-01-01,Tamil Nadu,2001,143.43,27.87,4971.92,74.75,705,199756.55
2019-02-01,Tamil Nadu,1997,147.14,13.95,5382.46,79.73,1118,204293.06
2019-03-01,Tamil Nadu,1869,159.86,23.16,4583.33,81.42,981,208935.34
2019-04-01,Tamil Nadu,1768,160.57,33.97,5187.22,79.38,813,213061.5
2019-05-01,Tamil Nadu,1813,153.16,35.78,4517.06,73.72,941,208472.92
2019-06-01,Tamil Nadu,2221,164.19,77.0,5282.39,77.78,969,198693.75
2019-07-01,Tamil Nadu,2096,155.72,76.41,4471.83,81.36,1324,199169.15
2019-08-01,Tamil Nadu,2170,158.38,68.51,5009.31,73.17,1092,196472.08
2019-09-01,Tamil Nadu,1882,148.96,1.82,5163.01,77.09,561,196080.66
2019-10-01,Tamil Nadu,2367,162.27,21.72,4731.48,73.85,655,189475.8
2019-11-01,Tamil Nadu,2379,162.15,30.39,5392.49,76.95,1386,197755.76
2019-12-01,Tamil Nadu,1810,159.5,15.4,5147.46,76.46,1016,217175.94
2020-01-01,Tamil Nadu,1965,167.1,16.45,4570.63,77.7,1266,210850.58
2020-02-01,Tamil Nadu,1974,152.49,24.69,5183.74,79.81,957,207493.27
2020-03-01,Tamil Nadu,1769,163.53,2.42,4979.63,78.1,958,219897.97
2020-04-01,Tamil Nadu,1882,163.7,1.88,5207.56,74.02,665,197557.65
2020-05-01,Tamil Nadu,1809,155.12,20.35,4541.73,72.41,838,209448.88
2020-06-01,Tamil Nadu,2195,168.65,56.49,5459.71,75.25,775,218670.94
2020-07-01,Tamil Nadu,2150,154.01,45.13,5405.34,82.3,1400,219434.58
2020-08-01,Tamil Nadu,2106,169.15,66.92,4804.07,77.59,1413,217757.22
2020-09-01,Tamil Nadu,1803,162.1,14.81,5016.22,78.37,681,201075.16
2020-10-01,Tamil Nadu,2437,169.93,32.31,4736.06,79.56,1225,195416.76
2020-11-01,Tamil Nadu,2535,155.33,18.21,4861.05,83.63,665,198947.39
2020-12-01,Tamil Nadu,1748,160.27,8.97,5161.64,72.99,1303,210589.62
2021-01-01,Tamil Nadu,1894,157.82,21.94,5053.27,76.86,1485,210950.25
2021-02-01,Tamil Nadu,1987,165.28,8.69,4758.71,79.93,587,203092.92
2021-03-01,Tamil Nadu,1733,170.37,28.66,5047.15,79.83,1384,207425.79
2021-04-01,Tamil Nadu,1746,164.04,23.43,4946.69,76.13,863,208414.73
2021-05-01,Tamil Nadu,1741,158.81,18.88,5006.16,79.17,1307,205386.1
2021-06-01,Tamil Nadu,2228,165.76,47.43,4610.03,73.96,512,205830.96
2021-07-01,Tamil Nadu,2136,161.1,68.81,4954.97,72.5,1487,199057.78
2021-08-01,Tamil Nadu,2032,162.59,75.12,4662.17,75.05,1439,208920.36
2021-09-01,Tamil Nadu,1765,159.17,19.19,4835.14,81.08,605,201360.41
2021-10-01,Tamil Nadu,2348,158.04,14.6,5006.28,79.03,1412,205983.79
2021-11-01,Tamil Nadu,2371,164.35,32.24,4850.18,74.86,581,231308.35
2021-12-01,Tamil Nadu,1795,166.77,38.43,5099.24,76.05,547,193336.28
2022-01-01,Tamil Nadu,2013,162.63,35.63,4910.05,77.77,1348,210929.32
2022-02-01,Tamil Nadu,1981,172.8,20.94,5300.8,77.75,1050,211578.01
2022-03-01,Tamil Nadu,1773,162.33,13.3,5068.91,77.93,950,204671.25
2022-04-01,Tamil Nadu,1861,168.67,14.52,5066.16,75.31,705,207826.96
2022-05-01,Tamil Nadu,1820,172.81,25.2,5680.15,86.1,882,213961.85
2022-06-01,Tamil Nadu,2077,168.28,73.54,4644.83,78.28,1410,204762.1
2022-07-01,Tamil Nadu,2100,167.87,61.42,5299.64,80.98,1386,183774.95
2022-08-01,Tamil Nadu,2150,172.11,54.74,5114.9,77.64,1480,199193.92
2022-09-01,Tamil Nadu,1781,175.46,16.23,5094.33,77.53,883,212063.36
2022-10-01,Tamil Nadu,2311,164.41,32.0,4909.55,74.22,1282,226944.0
2022-11-01,Tamil Nadu,2328,168.09,22.25,5138.8,75.16,1382,206396.65
2022-12-01,Tamil Nadu,1831,169.62,12.69,5554.58,81.01,906,209888.6
2023-01-01,Tamil Nadu,1876,161.91,31.22,4958.21,76.5,1444,204972.72
2023-02-01,Tamil Nadu,1966,167.15,25.05,4561.33,81.13,646,206036.16
2023-03-01,Tamil Nadu,1902,174.63,33.83,5027.86,72.5,676,221010.47
2023-04-01,Tamil Nadu,1835,165.35,13.96,4882.26,74.21,709,212566.55
2023-05-01,Tamil Nadu,1840,165.58,6.12,4807.73,77.67,683,201545.99
2023-06-01,Tamil Nadu,2209,169.26,59.45,5002.96,74.26,1009,199488.85
2023-07-01,Tamil Nadu,2289,162.64,54.44,5443.62,78.66,604,203260.83
2023-08-01,Tamil Nadu,2180,165.98,69.32,4668.11,82.7,628,229576.63
2023-09-01,Tamil Nadu,1884,170.42,21.45,5076.52,80.01,968,215293.14
2023-10-01,Tamil Nadu,2456,158.25,19.37,4512.56,81.72,801,224645.31
2023-11-01,Tamil Nadu,2395,161.59,3.97,4923.03,79.55,1160,215890.2
2023-12-01,Tamil Nadu,1798,169.28,27.32,4711.99,74.49,1211,218042.16
2024-01-01,Tamil Nadu,2029,163.44,21.77,4970.86,76.42,736,199254.16
2024-02-01,Tamil Nadu,1952,169.5,21.91,5454.43,82.2,1278,204105.82
2024-03-01,Tamil Nadu,1784,162.12,22.58,4953.42,80.59,937,227431.3
2024-04-01,Tamil Nadu,1817,166.4,14.25,5037.8,75.11,1112,199710.66
2024-05-01,Tamil Nadu,1785,173.81,1.34,5130.02,80.96,1177,215408.43
2024-06-01,Tamil Nadu,2198,169.82,48.16,5312.19,78.39,928,209613.41
2024-07-01,Tamil Nadu,2106,166.68,72.0,5346.17,78.52,1252,205550.2
2024-08-01,Tamil Nadu,2102,165.37,58.58,5044.69,81.71,1485,202901.78
2024-09-01,Tamil Nadu,1805,169.6,21.61,5149.73,85.0,512,207295.85
2024-10-01,Tamil Nadu,2255,169.85,35.5,4946.06,80.1,918,221771.1
2024-11-01,Tamil Nadu,2364,167.99,31.59,5359.17,81.19,644,230710.48
2024-12-01,Tamil Nadu,1764,179.61,43.33,4787.52,77.25,1335,210304.36
2015-01-01,Bihar,1338,142.41,20.99,5084.37,73.38,635,217549.33
2015-02-01,Bihar,1297,153.63,22.25,5510.75,71.23,957,197930.76
2015-03-01,Bihar,1225,157.08,15.11,4959.47,77.93,1162,201768.78
2015-04-01,Bihar,1179,156.32,17.68,4935.98,77.32,787,184697.92
2015-05-01,Bihar,1211,152.48,2.78,5060.9,74.73,875,199555.41
2015-06-01,Bihar,1373,157.23,51.36,5175.06,78.33,1033,197521.34
2015-07-01,Bihar,1362,161.91,51.66,4590.73,74.72,1029,205185.02
2015-08-01,Bihar,1327,146.02,52.85,5378.4,68.55,1423,202743.04
2015-09-01,Bihar,1249,149.98,33.91,5333.1,78.16,1105,211487.07
2015-10-01,Bihar,1442,148.44,15.16,4892.59,76.85,1343,197244.02
2015-11-01,Bihar,1520,156.89,13.09,4685.04,77.89,1199,204693.84
2015-12-01,Bihar,1144,153.54,2.66,5280.33,72.4,762,201770.91
2016-01-01,Bihar,1223,150.46,8.38,4679.77,73.4,1303,200393.35
2016-02-01,Bihar,1324,150.32,28.42,4887.55,66.82,694,220999.55
2016-03-01,Bihar,1186,153.69,5.42,4712.75,73.58,810,200030.52
2016-04-01,Bihar,1190,145.77,11.94,4740.48,80.72,1464,205012.66
2016-05-01,Bihar,1151,149.77,30.79,4629.76,71.79,866,191977.83
2016-06-01,Bihar,1479,150.33,45.33,5154.69,78.63,508,192584.61
2016-07-01,Bihar,1383,151.13,61.29,5021.07,73.24,1335,198483.0
2016-08-01,Bihar,1339,158.74,66.05,5067.12,78.95,838,185527.99
2016-09-01,Bihar,1209,158.86,35.4,5003.28,82.51,922,204351.76
2016-10-01,Bihar,1599,159.89,22.22,4796.9,73.02,1117,207227.56
2016-11-01,Bihar,1608,153.76,12.8,4918.56,74.36,830,198218.94
2016-12-01,Bihar,1192,162.28,29.02,5275.19,80.83,815,209711.72
2017-01-01,Bihar,1276,147.66,31.6,5229.74,72.24,745,205837.51
2017-02-01,Bihar,1333,160.41,11.53,4988.29,78.38,923,215077.21
2017-03-01,Bihar,1115,160.48,19.38,5331.99,78.15,1175,197791.57
2017-04-01,Bihar,1090,154.89,22.19,5585.34,80.99,779,210542.99
2017-05-01,Bihar,1067,156.22,23.76,4960.33,76.57,1184,205789.96
2017-06-01,Bihar,1549,156.32,66.03,5317.44,78.12,663,216665.88
2017-07-01,Bihar,1339,150.95,68.42,4887.39,73.84,1242,215400.32
2017-08-01,Bihar,1484,158.71,40.3,5086.14,74.01,871,190393.46
2017-09-01,Bihar,1217,153.7,26.36,5053.41,72.88,689,215701.99
2017-10-01,Bihar,1502,158.27,20.8,5009.01,73.79,908,219712.21
2017-11-01,Bihar,1595,143.63,15.64,4944.85,74.03,1027,198630.54
2017-12-01,Bihar,1293,147.67,11.82,5342.56,80.08,528,194512.76
2018-01-01,Bihar,1340,162.03,28.43,4702.17,77.07,775,209820.06
2018-02-01,Bihar,1385,156.17,37.61,5134.84,73.0,687,197082.94
2018-03-01,Bihar,1176,156.14,34.45,4783.46,74.37,699,230296.86
2018-04-01,Bihar,1116,156.93,11.47,5683.52,80.17,1473,204132.53
2018-05-01,Bihar,1059,160.45,20.41,4542.42,74.64,1383,214137.72
2018-06-01,Bihar,1500,159.7,75.9,4597.36,80.91,816,198131.82
2018-07-01,Bihar,1500,160.48,60.47,5052.65,77.71,768,212911.96
2018-08-01,Bihar,1366,151.29,72.24,4826.29,81.07,865,195590.44
2018-09-01,Bihar,1185,158.58,34.34,4472.07,79.15,812,199561.89
2018-10-01,Bihar,1566,146.86,20.79,4706.08,78.25,772,208705.86
2018-11-01,Bihar,1594,168.76,11.89,4327.11,74.0,716,207475.27
2018-12-01,Bihar,1119,155.12,44.45,5447.11,71.57,1319,197489.07
2019-01-01,Bihar,1383,158.38,17.98,5272.5,81.5,759,227650.56
2019-02-01,Bihar,1272,163.3,22.13,4830.82,80.36,1445,226012.68
2019-03-01,Bihar,1233,159.77,9.09,5050.26,80.27,530,198686.77
2019-04-01,Bihar,1251,160.09,32.02,4750.62,76.99,607,204065.68
2019-05-01,Bihar,1013,155.61,10.35,5353.47,73.66,1357,210859.75
2019-06-01,Bihar,1512,159.46,66.82,5614.06,76.54,728,211910.18
2019-07-01,Bihar,1474,157.22,68.41,5261.07,71.46,1269,194103.14
2019-08-01,Bihar,1364,156.22,61.32,5242.23,76.59,920,204228.57
2019-09-01,Bihar,1239,155.25,13.6,5001.89,75.04,949,211441.98
2019-10-01,Bihar,1448,166.23,24.67,4970.63,78.94,1409,204147.03
2019-11-01,Bihar,1597,157.99,19.85,5169.04,78.91,552,191806.23
2019-12-01,Bihar,1235,161.01,14.07,4936.95,73.81,838,198784.72
2020-01-01,Bihar,1278,167.1,3.35,5172.51,76.47,621,207688.19
2020-02-01,Bihar,1343,169.65,36.96,5307.06,78.01,832,213708.66
2020-03-01,Bihar,1248,164.95,20.57,4830.68,71.7,707,202870.07
2020-04-01,Bihar,1115,161.1,3.62,5039.31,78.58,1029,217576.97
2020-05-01,Bihar,1128,157.02,31.48,4698.41,83.01,1231,197894.02
2020-06-01,Bihar,1471,164.16,75.3,4520.72,74.93,768,195510.81
2020-07-01,Bihar,1311,162.06,50.65,4800.36,81.1,1472,199275.08
2020-08-01,Bihar,1489,159.43,65.03,5178.69,76.3,732,222033.39
2020-09-01,Bihar,1067,161.53,18.3,4843.52,79.43,1231,225620.4
2020-10-01,Bihar,1526,163.88,24.35,5127.32,75.49,982,228309.76
2020-11-01,Bihar,1540,171.52,31.39,4834.96,78.41,918,198739.38
2020-12-01,Bihar,1238,155.99,33.68,4843.58,70.08,657,207095.62
2021-01-01,Bihar,1215,155.89,27.43,4698.9,76.15,1439,215789.47
2021-02-01,Bihar,1242,161.36,19.51,5435.3,79.03,1145,220967.09
2021-03-01,Bihar,1180,160.46,7.01,5011.75,74.79,676,205268.58
2021-04-01,Bihar,1171,155.13,38.1,5035.87,72.58,997,217737.23
2021-05-01,Bihar,1086,161.68,16.85,4906.59,76.13,1270,208368.72
2021-06-01,Bihar,1333,159.05,62.33,5358.38,71.64,1248,217129.47
2021-07-01,Bihar,1402,154.06,59.56,4706.36,78.93,1411,222280.89
2021-08-01,Bihar,1363,160.97,75.59,5247.99,78.72,1414,206040.39
2021-09-01,Bihar,1161,169.7,14.95,4589.26,84.37,520,229203.68
2021-10-01,Bihar,1437,157.03,20.71,4724.56,76.29,1255,222442.68
2021-11-01,Bihar,1624,162.12,29.98,4690.91,75.08,708,209176.45
2021-12-01,Bihar,1169,167.6,39.03,5059.68,79.9,1437,202038.64
2022-01-01,Bihar,1217,159.39,23.48,4952.2,77.33,1489,202260.65
2022-02-01,Bihar,1327,164.17,40.5,4762.73,80.89,807,230745.34
2022-03-01,Bihar,1258,167.52,21.78,4581.86,73.96,696,218351.18
2022-04-01,Bihar,1173,166.58,19.05,4753.56,79.77,512,230137.08
2022-05-01,Bihar,1180,171.59,11.85,4864.81,77.54,1351,202656.77
2022-06-01,Bihar,1479,161.67,44.57,4809.71,80.5,715,215967.58
2022-07-01,Bihar,1355,161.28,71.19,4726.65,79.96,1111,196168.12
2022-08-01,Bihar,1527,161.52,59.77,4863.79,77.92,1231,207780.11
2022-09-01,Bihar,1132,165.75,27.8,5122.13,79.77,1047,215947.74
2022-10-01,Bihar,1537,167.32,21.49,4374.06,78.9,651,204097.45
2022-11-01,Bihar,1579,164.79,16.08,4967.23,76.42,1065,223780.48
2022-12-01,Bihar,1175,163.7,28.17,4783.41,80.16,690,214179.39
2023-01-01,Bihar,1347,172.66,34.74,4872.24,81.38,500,223917.07
2023-02-01,Bihar,1186,164.2,8.8,5368.76,79.58,1189,226737.84
2023-03-01,Bihar,1255,156.66,17.7,4280.75,76.79,867,202466.78
2023-04-01,Bihar,1144,169.54,23.61,4721.56,78.46,1217,207234.17
2023-05-01,Bihar,1172,164.78,29.1,4688.57,81.44,1201,211096.25
2023-06-01,Bihar,1348,173.59,54.75,5011.83,80.48,945,214513.46
2023-07-01,Bihar,1407,165.17,56.3,4987.72,77.72,1203,201372.62
2023-08-01,Bihar,1394,164.36,62.15,5523.76,74.63,1096,225288.92
2023-09-01,Bihar,1135,169.35,11.58,5162.63,79.94,1361,220931.76
2023-10-01,Bihar,1476,166.7,15.42,4595.59,78.26,1196,214414.34
2023-11-01,Bihar,1555,168.21,1.86,5210.81,81.07,750,214744.19
2023-12-01,Bihar,1206,171.54,18.8,4687.45,79.56,581,214650.42
2024-01-01,Bihar,1297,171.88,10.24,5050.68,80.35,817,226028.43
2024-02-01,Bihar,1394,158.32,13.08,5612.62,79.85,578,220666.77
2024-03-01,Bihar,1084,165.83,20.37,4442.38,81.53,1081,216232.74
2024-04-01,Bihar,1166,165.69,22.88,4844.86,75.36,1190,200483.38
2024-05-01,Bihar,1122,168.11,13.22,4625.84,77.81,1488,193244.12
2024-06-01,Bihar,1424,167.2,58.5,4648.33,76.58,1484,204287.06
2024-07-01,Bihar,1390,162.55,59.08,5125.9,77.84,1390,229948.66
2024-08-01,Bihar,1506,164.71,53.61,4561.17,77.24,951,210989.2
2024-09-01,Bihar,1201,173.1,36.42,4591.56,79.13,1151,221049.76
2024-10-01,Bihar,1478,171.6,10.06,5029.3,77.31,1413,208403.72
2024-11-01,Bihar,1475,174.97,29.02,5564.92,80.02,1389,227897.8
2024-12-01,Bihar,1222,162.45,31.97,4900.71,78.82,668,231504.99
